Text,Sentiment,Sentiment_Num
"Scientific illiteracy is a cancer. And, unfortunately, it‚Äôs no longer concentrated in just fringe groups.",negative,0
"As a parent of a kindergartener with cancer, I‚Äôll tell you this:  You want those protections.  We weren‚Äôt always a cancer family.  My kid was healthy once,but after they get a diagnosis, it‚Äôs too late to catch up.  Vaccines don‚Äôt work right for immunocompromised kids.

We were behind on one vaccination (we got behind during COVID) and I felt like I failed him after his diagnosis.  It was one more thing out there that could kill him. 

Footnote: he‚Äôs doing well today, in remission and looking forward to ending treatment/ ringing the bell in July 2024.",negative,0
Nice. Scarlett fever and polio will make a comeback and start killing kids again. We will have to start having 5 babies again just to see 3 of them die.,negative,0
"California fixed this problem. We removed exemptions for public schools, after we had few too many measles outbreaks. Unvaccinated kids can not attend public schools. Hence percent of kids exempted in public schools is 0.2%; these would generally be kids that can not be vaccinated for variety of medical reasons.

Anyhow, there's nothing like few dead kids, or kids scarred for life, to boost vaccination rates. There's a reason why vaccination rates were extremely high in the past. People forgot how bad it was *before* modern childhood vaccines become available. Ask your grandparents why they vaccinated your parents.",negative,0
"Calling it now. When death rates go up, they will blame the vaccines.",negative,0
"And there are poor countries where its mandatory and people wait in line due to vaccine shortages, thousands of folks die from preventable diseases.",negative,0
"It shows. Elementary schools are a plague factory but 2023 has been off the charts. My five year old has brought home RSV, COVID and flu multiple times. His entire class was out sick at one point this year, literally every child. It's going to be really bad when things like Polio start resurfacing in large numbers. Fuck anti-vaxxers.",negative,0
The scary thing is I hear ‚ÄúI‚Äôm not worried about getting it I have good health‚Äù. Well what about your elderly mother or your pregnant sister or your newborn nephew. People are so unbelievably selfish,negative,0
And in a few years there'll be the highest rate of teens and young adults getting vaccines once they're out from beneath their insane parent's idiocy.,negative,0
I've read about anti-vaxxers who aren't getting their dogs vaccinated now. Read up on what happens to a dog with rabies and what the vet does to it once it is dead. It is quite unpleasant.,negative,0
That‚Äôs unfortunate but I‚Äôm not surprised.  All the covid vaccine disinformation made people really question vaccinations.,negative,0
"Right as my kids are 4 and 1, and getting around all these unvaccinated peers. 

I have Crohns and take Humira (immunosuppressant). Through blood work I‚Äôve also found out I have no immunity to measles, mumps &amp; rubella even though I was vaccinated as a child. So there are adults like me at risk too in addition to the unvaxxed kids whose parents are putting them at risk.

Edit: I can‚Äôt get the MMR vax now as it‚Äôs live, and you‚Äôre not allowed those on immunosuppressant meds.",negative,0
"The sad part of this is that the people had to bypass the politicians who are supposed to represent them.

If the majority of the people want this, who exactly are they representing?",negative,0
"Just ridiculous how Huffman attacked legalization with saying

\&gt;  at the expense of a state trying to emerge from the opioid epidemic

Motherfucker CANNABIS IS GOING TO FIGHT THE OPIOID EPIDEMIC

PEOPLE SNORT FEWER PILLS WHERE CANNABIS IS LEGAL",negative,0
"&gt; But as a citizen-initiated statute, the law is subject to change. Republicans who remain opposed to it in the Legislature are free to make tweaks to the law ‚Äî or even repeal it, though the political stakes are higher now that the voters have approved it.

Republicans give zero fucks so I expect them to make a hell of a lot of tweaks.",negative,0
They really love losing tons of tax revenue to Michigan if they block this.,negative,0
"Why can people carry guns in public places and I can‚Äôt smoke a blunt on my couch. 

Literally no reason for this to not be federally legalized. Slam dunk for the federal government, will curb illegal drug smuggling, lacing, and make a shit load in taxes.",negative,0
"I bet over here in ""Live Free or Die"" land, we'll be the last state in the union to do this.",negative,0
up next? getting rid of the assholes running the state,negative,0
"At this point fighting legalization is stupid since the hemp bill passed nation wise. In Wisconsin they will throw you in jail for weed but yet you can buy Thc-A bud that turns into Delta 9 after it's smoked. 

Makes no sense to me.",negative,0
"I stopped any kind of intoxicants when my wife first got pregnant, and our youngest (of 6) finally moved out the year weed went legal in my country. 

Upon learning how ridiculously strong marijuana has become, I decided to try to use it to supplement my painkillers which I take for various injuries gained while doing stuff like being in multiple rig-blowouts, and getting t-boned (on my side) by a fully loaded grain truck.
 
I found a strategy that works for me (flabbergasting myself with vaped hash oil during pain flare ups) to the point that I often return my actual painkillers to the pharmacy without even having opened them. 



I fucking hate opiates, I hate the trade of itchy nausea and false hunger combined with constipation in exchange for for less pain, I hate how I can tell the pain's still there but it feels spackled over like throwing a blanket over a grizzly, I really hate the impending dread of diminishing returns, and I hate how the advice I got from doctors for dealing with side effects is to take them regularly.

And I really, fucking *really* hate being dependent upon a stigmatized medicine that any doctor can take away with a word. That's the part that bothers me the most, and it's what drives me to give back full bottles, I don't know if anybody keeps track of that stuff but I feel like I'm wracking up a massive score. 


The weed isn't magical, it doesn't always work, what it does is it distracts me. 

The neat thing is that I don't need a pretense for weed. I don't need a doctors card, the supply is not finite, I can experiment at will to see what if anything works for me, and what doesn't, and I have no reason to try to accept poor results simply to keep ingesting marijuana, since I can do that at will anyways. 

I'm just one guy with my little story, but I had a window opened for me when my choices were expanded due to legalization. 

And the sky has not fallen.",negative,0
"The people voted, the government hasn't responded as to how they will stop it.",negative,0
Too bad I live in Texas and the Evangelical psychos who run our state won't let us vote on it.,negative,0
the ICC issued an arrest warrant to Putin.. what did it change? the same goes for protests and social media posts.. it definitely raises awareness but realistically does nothing.,negative,0
"A serious investigation seems like a no brainer, whatever it finds.  You can't watch wholesale bombing of communities without thinking, hum, perhaps we should seriously evaluate whether this follows law.",negative,0
"The level of propaganda in the west cannot be overstated. You have to look at other news outlets and sources to begin the process of disillusionment, and it's a painful process. Most people aren't willing to challenge their beliefs and assumptions like that.",negative,0
"Firing rockets indiscriminately is a war crime. Taking hostages is a war crime. 

While Israel also committing them is probably true, I'm not sure the ICC would or even can do much.",negative,0
"And are Palestinians also asking the War Crimes Court to probe Hamas over their use of human shields, being dressed in civilian clothes while conducting military operations, storing weapons in and amongst civilian infrastructure, using ambulances to transport fighters and weapons, restricting the passage of refugees through their territory, and murdering their own people attempting to flee a conflict zone, amongst a myriad number of other ‚Äúwar crimes‚Äù?

No? How odd‚Ä¶",negative,0
"One could say killing children based on race is a form of ethnic cleansing. 

One could say shooting over 200 people at a concert based on race is ethnic cleansing. 

One could say the raping and killing of women based on their race is a form of ethnic cleansing.",negative,0
"They keep using that word. I don't think it means what they think it means as far as what Israel is trying to do.

Hamas? Absolutely. They admit that as the goal.

Israel? Not even close. The erradication of Hamas is not the eradication of the Palestinians themselves. One is an organization the other are the actual people.

Now unfortunately, this is war and wars are always messy where they are fought. This is especially true when the combatants are purposely choosing to hide behind civilians as not only meatshields but as a means to point to every inevitable casualty of their decision as Israel being ""the aggressor"". Again, this is by Hamas' design and they admit to not caring about their people.

So no. It is not genocide on Israel's side no how much idiots on the far left try to redefine the word.",negative,0
"A suspect is in custody. If found guilty, what should his sentence be?

""Shaquille Taylor, 29, was quickly identified as a suspect and taken into custody. Police said the gunfire came from a public housing unit across the street from the park and that Taylor was allegedly shooting at a car when a stray bullet struck Ludwig.""",negative,0
"&gt; A Belmont University freshman has died after being hit in the head by a stray bullet while walking on a trail near the Nashville campus, officials said.

&gt;Jillian Ludwig, 18, was shot Tuesday afternoon as she walked on a track in Edgehill Memorial Gardens Park, the Metropolitan Nashville Police Department said in a news release‚Ä¶.A suspect is in custody in the shooting, which happened around 2:24 p.m., when a man on a street near the park opened fire on a moving car, police said.

Another senseless gun death.",negative,0
Her entire life ahead of her. It‚Äôs fucking insane what her parents must be going through x,negative,0
This sucks. This girl was from my year and was involved in the music scene here in Asbury Park.,negative,0
"No matter how many times I read these kinds of news headlines, it never stops being alienating from a non-US perspective. Like... that a stray bullet killing someone is not a once in a blue moon ""holy shit, well that happened, what the heck"" thing, but rather just a kind of thing that just *happens* over there.

Condolences to the family and friends of the unfortunate victim.",negative,0
"This is not ""enduring trauma of gun violence"", but rather a violent individual who was never locked up for a long enough time",negative,0
The word stray bullet pisses me off. That bullet was shot to kill and it did,negative,0
"Has the mental capacity to get weapons, use them, and commit crimes over and over but I‚Äôll be damned if he isn‚Äôt able to be held accountable for his actions. This person needs to be terminated.",negative,0
I support life sentences for people who are found guilty of firearm murders such as this. There should be no chance at rehabilitation for someone who still gets to live their life while they have deprived someone of the chance to live theirs.,negative,0
"As you all celebrate or commiserate, please help us out by reporting comments that spread misinformation or incite violence.

A few facts for you all:

* Voter fraud is incredibly rare. The conservative Heritage Foundation [looked for fraud](https://thehill.com/opinion/civil-rights/494649-the-voter-fraud-fraud) over a 36-year period and could only find [1285 cases out of nearly two billion votes cast](https://www.brookings.edu/blog/fixgov/2020/09/21/voter-fraud-fears-and-mail-worries-grab-headlines-but-the-wait-will-be-the-worry-in-2020/) - a rate of 0.00007%.

* There are election observers in every room where ballots are counted and there are livestreams of most of these counting areas. Yes, this includes Philadelphia, where the Trump Campaign had to [admit in court that they had observers in the room.](https://twitter.com/alanfeuer/status/1324484846857658368)

* Mail-in ballots are legal votes. Those ballots must be cast and post-marked by Election Day. We have been using mail-in ballots since the Civil War, and in 2016, 25% of votes were cast by mail.",negative,0
"He got beaten by Obama's vp. It came back full circle.

Edit : rip inbox",negative,0
Trump is fuming on twitter #youarefired trending,negative,0
"I lost my mom to covid last night. Watching Donald ripped from the white house and torn apart by lawsuits and investigations screaming and failing the entire time, while it won't fill the void of my loss, it will surely help in the grieving process.",negative,0
"Trump will finally know what this year has been like for the rest of us... He's broke, losing his job, and about to be evicted.",negative,0
Now let‚Äôs fix the system before a competent fascist actually does takeover! The unwritten rules have to be actual rules.,negative,0
We're about to witness the biggest adult temper tantrum in history.,negative,0
"Racism is unacceptable and unwelcome on /r/news. If you choose to post racist comments, you should expect to be permanently banned from this subreddit.

With that out of the way, just a few more rule reminders for you all:

* Don't incite violence.
* Do not threaten/wish death or describe your vivid fantasies of harm towards any human.
* Do not share the personal information of any non-public individuals. 

Help us out by reporting users who violate these rules.",negative,0
"Chauvin had 18 complaints against him. Dude never learned, never changed his ways and now a man is dead and his own life is royally fckd",negative,0
Bail revoked too. He'll be in jail until his sentencing trial.,negative,0
Genuinely surprised he was found guilty on all three counts.,negative,0
"Short and succinct.  No drama, just 3 minutes of reading, bail revoked, off to jail.",negative,0
"Never never never stop filming the police. It‚Äôs your right. If concerned strangers had not stepped up and recorded this, a murderer would still be a cop. A family would never have found justice. 

There is no police reform without citizens holding them accountable for their actions. Record the police.


**Edit**: here is the ACLU‚Äôs Mobile Justice app. You can send your video directly to them if you witness police misconduct, discrimination, or voting rights violations. Just being a witness can make a difference. https://www.aclu.org/issues/criminal-law-reform/reforming-police/mobile-justice",negative,0
"I really had no expectation for a conviction. You're talking about a nation that produced a courtroom that agreed Daniel Shaver deserved to die because he couldn't crawl correctly while literally on his knees begging for his life before being executed isis style by the Mesa, AZ PD.

But this one was different.",negative,0
Damn NBC broke through dateline with a special report and I knew some shit went down,negative,0
"The worst part of this: 

""After White House officials learned of Hicks‚Äô symptoms, Trump and his  entourage flew to New Jersey, where he attended a fundraiser and  delivered a speech. Trump was in close contact with dozens of other  people, including campaign supporters at a roundtable event.""

Keep that hubris train chugging along...

[https://www.washingtonpost.com/politics/hope-hicks-close-trump-aide-tests-positive-for-coronavirus/2020/10/01/af238f7c-0444-11eb-897d-3a6201d6643f\_story.html](https://www.washingtonpost.com/politics/hope-hicks-close-trump-aide-tests-positive-for-coronavirus/2020/10/01/af238f7c-0444-11eb-897d-3a6201d6643f_story.html)",negative,0
"His tweet announcing it must have been written by someone else, because he didn't call it the China virus.

""Hoax"" is trending on Twitter even before the actual news headlines are, because everyone's asking (sarcastically) how he could be infected by a hoax.",negative,0
"Date | Quote
:--------|:--------
20 January | We have it under control
26 February | It‚Äôs going to disappear
10 March | It will go away
29 April | It‚Äôs gonna be gone
11 May | We have prevailed
17 June | It‚Äôs fading away
19 July | I‚Äôll be right eventually
2 Oct | We will begin our quarantine",negative,0
Holy fuck regardless of your politics this is massive news. Especially this close to the election.,negative,0
This simulation is crazy,negative,0
"If Trump dies from this his supporters will frame it as a liberal conspiracy. 

If he has a hard recovery he will fight tooth and nail to delay the election. 

If he is asymptomatic or recovers easily his followers will see it as confirmation that the virus isn't dangerous and thousands more will die. 

Shits about to get even weirder.",negative,0
I‚Äôm kind of concerned that he doesn‚Äôt actually have it and will use it as a way to promote some random drug or to tell people that it isn‚Äôt really that bad.,negative,0
Regardless of your politics. Wear a goddamn mask.,negative,0
"&gt; Blizzard‚Äôs actions inspired a negative reaction among lawmakers, who denounced the gaming giant. On Twitter, Sen. Ron Wyden (D-OR) said the company was willing to ‚Äúhumiliate itself‚Äù to please China. Marco Rubio declared that ‚ÄúImplications of this will be felt long after everyone in U.S. politics today is gone.‚Äù

When you have Wyden and Rubio in agreement that you fucked up, you REALLY fucked up.",negative,0
"Don't forget not to fall for the distraction of ""This is offensive to the Chinese people""
No, this is offensive to THE GOVERNMENT of China.",negative,0
Seriously fuck Blizzard.,negative,0
"I've been having fun playing classic, but I just cancelled my subscription and in the 'tell us why' field I told them it was because of Hong Kong. I encourage everyone else who cares about this issue to do the same. I'm sure it's possible that they make more money off of China than the US, but still; fuck this bullshit.",negative,0
"Just in case you‚Äôre out of the loop. People are in solidarity with Hong Kong right now over the events unfolding as seen on r/fuckHKpopo and r/HongKong

Hearthstone Pro BlitzChung said ""liberate Hong Kong"" in a interview after he won a tournament.

Activision Blizzard, the company that owns Hearthstone and Overwatch banned him from any tournament for 12 Months and cut all his price money

That's complete bullshit

This post sugested making Mei a symbol of Pro Hong Kong in hopes that Blizz get's some kind of retaliation https://www.reddit.com/r/HongKong/comments/df2rz7/it_would_be_such_a_shame_if_mei_from_overwatch/

here's an article that's a bit longer, haven't read it myself tho:

https://www.pcgamer.com/blitzchung-removed-from-hearthstone-grandmasters-for-liberate-hong-kong-comments/",negative,0
"Fuck Blizzard

Fuck Activision

Fuck China",negative,0
Blizzard actually apologized to CHINA today. Fuck blizzard.,negative,0
"I think Americans have just realized we're in more than a trade war with China, we're in a culture war and companies are siding with China.",negative,0
Did Mexico pay for the wall? Just asking,negative,0
Where does he go now? Does the helicopter drop him off at the nearest McDonald's or something?,negative,0
"guys we only have to keep up the covid hoax for a few more hours! cant wait for my soros check!

lol its over. donald trump is a fucking loser.",negative,0
"His speech at Andrews Air Force base about ""His People"" could've had an easier life but decided to work for the people is absolute bullshit. He spent most of his day golfing, tweeting, or watching T.V,

He's just spewing more lies during his farewell speech. I can't watch this anymore",negative,0
Thus begins four years of Republicans suddenly being incredibly critical of the president's every action and decision,negative,0
"I hope he is referred to as ""the disgraced former president"" in years to come. I hope he is stripped of post-presidential perks, especially so he doesn't have a state burial upon his death. I hope he is constantly reminded that he goes down in history as the most ill equipped, absolute worst US President ever and a proven traitor.",negative,0
"Not too long ago he was pictured alongside his daughter at a basketball game and they seemed so close. She also died today. Rest in peace Kobe and Gianna.

Okay guys I keep getting some pretty fucked up messages in my inbox. If you have a problem, especially if it was because he was black, please swallow your cowardice and post it here so you can get the ridicule you deserve.",negative,0
"12:35 PM PT¬†--¬†Kobe's daughter Gianna Maria -- aka GiGi -- was also on board the helicopter and died in the crash ... reps for Kobe tell TMZ Sports. She was 13.¬†
We're told they were on their way to the Mamba Academy for a basketball practice when the crash occurred. The Academy is in nearby Thousand Oaks.",negative,0
"TMZ reporting Kobe's 13 year old daughter also killed in crash.

https://www.tmz.com/2020/01/26/kobe-bryant-killed-dead-helicopter-crash-in-calabasas/",negative,0
"LA authorities confirming that it's accurate. He perished along with four other passengers. https://twitter.com/MattNorlander/status/1221516791429652486

EDIT: As noted elsewhere, his 13-year old daughter, Gianna, also died in the wreck. His wife Vanessa and former Laker Rick Fox were not aboard at the time of the crash. 
https://www.tmz.com/2020/01/26/kobe-bryant-killed-dead-helicopter-crash-in-calabasas/

EDIT #2: Worse news. It's being reported that the death toll is up to nine - eight passengers and the pilot.",negative,0
"Crazy, I was just reading how LeBron honored him last night with ‚ÄúMamba 4 Life‚Äù written on his shoes. So eerie. 

https://clutchpoints.com/lakers-news-lebron-james-honors-kobe-bryant-through-his-shoes-vs-sixers",negative,0
"I‚Äôll always remember him as an under aged teenager that came to my bar in a nightclub in LA not long after signing with the Lakers. 

I remember being nervous that he would order a drink and I‚Äôd have to be in the uncomfortable position of carding him, knowing he was under 21.  

At the time we had some other out of control under aged celebs that created drama (Leo DeCaprio I‚Äôm talking to you) 

When Kobe got to the bar, he ordered an Evian.


[My wife tried finding my autographed jersey but could only find this](https://imgur.com/gallery/jP5TpwM)",negative,0
Lebron just beat Kobe‚Äôs scoring record last night. Freaky timing.,negative,0
"He was a household name. Whether you watched basketball or not, you knew who Kobe Bryant was. He's going to be sorely missed.",negative,0
His last tweet 16 hours ago congratulating LeBron on passing his scoring record. Just goes to show you never know when you‚Äôre going to go. Sad and creepy.,negative,0
"My dad was killed in a helicopter crash a few years ago.  It's such a life-altering experience.  I grieve so much for his wife and all she'll be going through.
Edit: Thank you for the Platinum.  I'm humbled by all the kindness and words of support.",negative,0
"As a parent all I can think about is how he was probably holding his daughter so tight in the last moments, trying to protect her. So devastating",negative,0
"I don't know shit about basketball but he left behind a wife and 4 daughters including what sounds like essentially a newborn. That's brutal and heartbreaking and I wish the best to his family. God damn 2020 slow it down.

Edit: Sounds like early reports from ABC are saying his daughters may have been involved. That's as worst case scenario as it can get I feel like. What a fucked up day.

Edit 2: Reports are now pulling back in regards to the daughters being on board. Still nothing confirmed as far as I can see.

Edit 3: TMZ is reporting as of 2:35 pm Central time that Daughter Gianna Maria (13) was also killed on board.",negative,0
"Watching the news live right now, a whole bunch of people are gathering in front of Staples Center to mourn his passing and pay their respects. One of the guys interviewed was asked how long he was going to stay there, he told the reporter: ""He gave us 20 years, I'm not going anywhere""

RIP Kobe",negative,0
Pancreatic cancer is no joke. When it‚Äôs found it‚Äôs often metastatic because it doesn‚Äôt show any symptoms until it‚Äôs too late.,negative,0
"I'm heartbroken.

My grandmother passed a little over a year ago and Jeopardy after dinner was our thing. This feels a like losing another piece of her. :(",negative,0
"A contestant was crying thinking about how much Alex meant to him growing up on the show just a few days ago. What a bummer. 

https://twitter.com/JoshGrahamRadio/status/1325490296050814976?s=19

RIP.",negative,0
"My sister had stage 4 pancreatic cancer that she passed from 8 years ago. His diagnosis last spring and the hope from his initial treatment working was almost identical to what we went through with my sister. Pancreatic Cancer is no joke. It‚Äôs the fourth biggest cancer killer by shear numbers every year, and yet it‚Äôs on the bottom of the list for new yearly diagnoses. The 5 year survival rate is still only around 9% regardless of when it is discovered. 

There are plenty of charities out there dedicated to fighting it, with the [Pancreatic Cancer Action Network](https://www.pancan.org/) works hard in DC to lobby for pancreatic cancer research funding. They have a great rating and are really doing a great job.",negative,0
"He was fighting for almost 2 years. My condolences to his family and friends.The fact that he kept working despite having cancer makes him even more legendary.
FUCK CANCER",negative,0
Absolute legend. Fuck cancer. Rest in peace Mr. Trebek,negative,0
"What a loss. This clip always got me, but it hits so much harder today:

https://youtu.be/2XhBozV07Ac

We ‚ù§ you, Alex. RIP",negative,0
Devastating news.. Rest In Peace to an icon.,negative,0
What is He Will Be Missed?,negative,0
"I'll take....fuck this sucks to much

Edit: I know a lot of people will say fuck cancer etc. But you can donate to hospital etc. Or even volunteer your time. I never cared for celeb deaths. But this time it actually has me tearing up. I did a short volunteer stint for a cancer ward, and even had cancer with months of chemo. The most sadest and fucked up thing is seeing kids get a surprise by ""make a wish"". While that place is amazing. The kids don't know it's almost a death sentence...",negative,0
"https://en.wikipedia.org/wiki/Charles,_King_of_the_United_Kingdom

Wikis waste no time",negative,0
She‚Äôs been a permanent fixture of the UK for so long. It‚Äôs crazy to think that the ‚Äúold guard‚Äù is almost gone (Gorbachev too),negative,0
"It‚Äôs so strange to think she‚Äôs been queen so long that people have been born, lived, had kids and grandkids, and died all during her reign",negative,0
"""Queen Elizabeth has died"" and ""Steve Bannon is in custody"" are two interesting headlines to see paired next to each other in my feed.",negative,0
"I'm in shock, but not surprised.  She was crowned when I was 3:  she's the only head of state I have ever known.  One of the big events of my childhood was her visit to my hometown -- her third to my country -- where, due to my father's job, I got a front row seat for the slow motorcade.

I still remember her profile, and that patented Windsor wave her mother invented to relieve the stress on the hand and wrist.

And yet, I -- many of us, I think -- have been expecting it since her husband died.  Whatever one might think of him, or her, or them together, she loved him completely and unconditionally, and he was there for her until the last seconds of his life.  Without him, it must have seemed so pointless to her.

Whatever else, they are together again.  If there is somewhere to be after death, they are there, and if there's nowhere, they are still there, together.",negative,0
Knew it was coming with today's drip fed annoucements but still a shock to see that headline. RIP,negative,0
"I was really hoping she would hit 100. 

Or outlive Charles out of spite.",negative,0
"I've heard the phrase ""King Charles"" a couple times now in the past few minutes and I kinda hate it.",negative,0
"This last line from the Guardian‚Äôs obit got me:

‚ÄúAs many nations today mourn a queen, one family is mourning a mother of four, a grandmother of eight, and a great-grandmother of 12.‚Äù 

Rest In peace.",negative,0
Damn. It was kinda expected after the news today but damn. Rip Liz,negative,0
"Favorite Hawking anecdote, from [the Guardian](https://www.theguardian.com/science/2018/mar/14/stephen-hawking-professor-dies-aged-76):

&gt;He began to use crutches in the 1960s, but long fought the use of a wheelchair. When he finally relented, he became notorious for his wild driving along the streets of Cambridge, not to mention the intentional running over of students‚Äô toes and the occasional spin on the dance floor at college parties.",negative,0
I wonder if any time travelers will come to his funeral.,negative,0
"""I‚Äôm not afraid of death, but I‚Äôm in no hurry to die. I have so much I want to do first.""


Stephen Hawking",negative,0
"There‚Äôs always those deaths where you read it &amp; can‚Äôt believe that the news is real and this is one of them. Damn, RIP üôèüèº",negative,0
"Even though he had a terrible disease, he still seemed to have an incredible amount of life inside of him. 

RIP",negative,0
This man made ALS his bitch for decades,negative,0
"I did tech support for security and alarm systems for over 400 locations with six to eight cameras and sensors each for about a year. 90% of calls were just trying to explain to someone how to review recorded footage. The most common ""malfunction"" was when people leaving the location.. would flip the breakers and shut off power to the entire site. I think maybe once or twice did I have to send a tech out to service a camera. As a high estimate, that's like 0.08% failure rate. With people who don't even understand security or tech or can't figure out how to operate a simple remote.

These things are designed to run 24/7 for years without problems. The chances of specific cameras failing or footage being unusable around a specific time during a specific, high-profile event at a prison that has minute-to-minute experience and heavily relies on these systems is so astronomically low that I'd call it the worst cover-up in the history of murder. And that's before the fact that during this specific instance of all this failure, two guards didn't make their rounds for unknown reasons but only the rounds that pass by this specific location.",negative,0
Suicide by homicidal strangulation. Nasty way to go.,negative,0
So will there be an investigation or is this just going to be ignored? I'm going with the latter.,negative,0
I‚Äôm an just about as shocked about this as he was when he was being suicided.,negative,0
"I'm shocked. Shocked, I tell you. Who else is shocked? I am shocked.",negative,0
"So:

- his cellmate was moved out for no specified reason

- the guards that were supposed to watch him were both asleep (while on duty)

- the other guards failed to walk by his cell as part of their regular 30-minute rounds for 3 full hours

- the camera pointed at his cell happened to malfunction that day

- the camera pointed at the hallway leading to his cell also happened to malfunction

- nobody in the ops room noticed that 2 cameras were out, despite their entire job being to monitor the cameras

- his throat was crushed with more force than could have been generated by his own body weight

But it's cool; the original medical examiner ruled it a suicide, and we all know that ME's are uncorruptable paragons of virtue, just like prison staff.",negative,0
"I doubt he cares, but I specifically told my congressman John Ratcliffe that if he doesnt make a notable effort to stop this I'm donating a large sum of my personal money to whoever runs against him. He doesn't have a lot of campaign money so it'll go a long way ",negative,0
"Since apparently the way we govern now is ""fuck what the last guy did,"" what's to prevent the next administration from just reimplementing net neutrality?",negative,0
"God I fucking hate Pai. Such a smug, deceitful, sanctimonious fucking cunt.",negative,0
"I think the problem here is that not a lot of people even know what net neutrality does and the mainstream media never reports on it. This is gonna fly under most people's radars. Hopefully we can reverse it in the future, but I don't see a way to stop it at this point.",negative,0
"&gt; ‚ÄúUnder my proposal, the federal government will stop micromanaging the internet,‚Äù Mr. Pai said in a statement.

If government micromanagement is the problem, then what do we even need the FCC or this asshole for anyway?  ",negative,0
Ajit Pai is a piece of fucking garbage. Fuck him.,negative,0
"Say it with me, ""Ajit Pai is a shit guy.""",negative,0
"Welp, this is gonna fucking suck.",negative,0
Fuck these peices of shit.,negative,0
Christ I hate everything about this year. It's like I've spent it watching the nation tie a noose for itself since January. ,negative,0
Anyone else depressed that some fucked up greedball of an entity makes decisions on behalf of the whole planet....,negative,0
Can we just decriminalize it at the Federal level already? Sheesh.,neutral,1
[removed],neutral,1
"I live in Alabama and Jesus won‚Äôt let us have it. Well, we can have suppositories. That‚Äôs it. Just butt stuff.

However, there‚Äôs not a doc in the state that will prescribe it, and no pharmacy will dispense it. So, not even butt stuff. Because Jesus.",neutral,1
This shit happens pretty often too. Its pretty fucking ridiculous,neutral,1
It‚Äôs not yet three months since leaving her home and family for college.,neutral,1
*‚ÄúNever mind the bullet with your name on it. Beware of the bullet that says ‚ÄúTo Whom it May Concern‚Äù*,neutral,1
[deleted],neutral,1
And nothing will change,neutral,1
This park borders a police precinct btw.,neutral,1
[deleted],neutral,1
"On another episode of ‚ÄúIf they were still locked up, this wouldn‚Äôt have happened‚Äù",neutral,1
"Fox News just called it a couple minutes ago, so you know it's real",neutral,1
"""You were expecting Nevada to decide the election, BUT IT WAS ME, PENNSYLVANIA!""",neutral,1
"Is it 100% confirmed, as in nothing can take this away?",neutral,1
[deleted],neutral,1
"‚ÄúHey Donald, you‚Äôre fired.‚Äù

-America",neutral,1
White smoke coming from AP HQ. Habemus praesides.,neutral,1
[removed],neutral,1
Reminder that this likely doesn't happen without the bystander video.,neutral,1
"Now that this is done, we look towards the future to prevent this from happening again.",neutral,1
[removed],neutral,1
https://twitter.com/realDonaldTrump/status/1311892190680014849,neutral,1
[removed],neutral,1
So what happens if he gave it to Biden? What if they both don't make it to election day?,neutral,1
It's 1 am on the east coast. Alot of the country is going to wake up to this news.,neutral,1
[removed],neutral,1
Who had this on their bingo card?,neutral,1
He probably figured out how to use COVID as a tax write-off,neutral,1
The gold this thread gets will fund reddit for 20 years,neutral,1
Took much longer than I expected.,neutral,1
"&gt;	‚ÄúIn an abundance of caution the President and all White house staff are going to exercise an extended quarantine at Mar-a-Lago‚Äù

There goes the second debate.

I have a mental image of trump rolling around in a filtered hamster ball.",neutral,1
"Hydroxychloroquine, stand back and stand by?",neutral,1
Imposible. We are 6 months past easter,neutral,1
Shouldn‚Äôt have taken the test. Then he wouldn‚Äôt have gotten it.,neutral,1
"[What the actual fuck?](https://twitter.com/Yamiche/status/1312035990240985091)

&gt; CONFIRMED: There was no contact from the Trump campaign or the White House to alert the Biden campaign of possible exposure. The campaign learned of the situation from the news reports, a Biden campaign aide tells me.",neutral,1
"If everybody had phones, we wouldn't be in this situation. /Blizzard",neutral,1
"So who else, is going to Blizzcon cosplaying Winnie the Pooh?",neutral,1
"**""I need healing.""**

\- Blizzard, probably",neutral,1
[deleted],neutral,1
[deleted],neutral,1
[deleted],neutral,1
They finally got the horse out of the hospital,neutral,1
Melania files for divorce in T-minus 2 weeks.,neutral,1
These past four years were the longest decade of my life.,neutral,1
[deleted],neutral,1
[deleted],neutral,1
[And there was much rejoicing.](https://www.youtube.com/watch?v=NmPhaG1ud38),neutral,1
[Here's what Trump has to say about that](https://www.twitter.com/realdonaldtrump),neutral,1
[deleted],neutral,1
"[Kobe's daughter GiGi (Gianna, 13) also confirmed on board the helicopter and deceased.](https://amp.tmz.com/2020/01/26/kobe-bryant-killed-dead-helicopter-crash-in-calabasas/)",neutral,1
"I have this weird thing where when I hear about plane crashes, I imagine what the final seconds of those peoples‚Äô lives are like - what they‚Äôre thinking, saying, what their faces look like. It just makes me that much more sad but it always happens.",neutral,1
"yelling ""KOBE"" when shootin hoops will never be the same",neutral,1
[deleted],neutral,1
"This is like Messi or Ronaldo dying in a helicopter crash, right?

Never really watched basketball but I have heard of him, LeBron James and Michael Jordan.",neutral,1
[removed],neutral,1
[deleted],neutral,1
[deleted],neutral,1
[removed],neutral,1
"Sean Connery ***AND*** Alex Trebek within days of each other? 2020, you fucking suck....",neutral,1
[deleted],neutral,1
[removed],neutral,1
"It's my grandmother's 100th birthday tomorrow, she got her telegram/letter/whatever it is from the Queen this morning.",neutral,1
Christ. She lived so long it had gotten to the point where my brain had just rationalized that I would never see that headline.,neutral,1
She was born before Martin Luther King Jr. and Anne Frank...,neutral,1
Currently on vacation in the UK. Legit feels surreal to watch this from the midst as an outsider.,neutral,1
She most likely passed when all the family members were called.,neutral,1
This is one of those things you know is coming but you just never think it'll happen. A constant in most peoples life for the past 70 years.,neutral,1
*Liz Truss sweats profusely*,neutral,1
Imagine your first Prime Minister being Winston Churchill and your last Prime Minister being Liz Truss.,neutral,1
"‚ÄúI have lived long enough to know that things never remain quite the same for very long.‚Äù 
-Queen Elizabeth II

RIP",neutral,1
"""King of England"" doesn't sound right at this point",neutral,1
"73 years later, Charles III finally comes into being.

R.I.P. Elizabeth. The Washington Post just described her as a ""seemingly eternal monarch."" That sounds accurate.",neutral,1
Now she can frolic in a field of corgis with Philip again,neutral,1
[removed],neutral,1
"Will always remember him from this from my childhood

https://www.youtube.com/watch?v=mg8_cKxJZJY

RIP",neutral,1
deleted  ^^^^^^^^^^^^^^^^0.0434  [^^^What ^^^is ^^^this?](https://pastebin.com/FcrFs94k/69704),neutral,1
"Absolutely gutted, what a man",neutral,1
I have to read a Brief History of Time again.,neutral,1
"He was given a life expectancy of 2 years in 1963, and died 55 years later. Dude probably outlived every single person involved in that diagnosis. Well played.",neutral,1
[deleted],neutral,1
[removed],neutral,1
[removed],neutral,1
[removed],neutral,1
[removed],neutral,1
[removed],neutral,1
[deleted],neutral,1
"For the corporations, by the corporations",neutral,1
Jesus Christ why doesn't the public officials actually listen to public opinion??,neutral,1
This is where anonymous is going to earn their stripes or not,neutral,1
[deleted],neutral,1
[deleted],neutral,1
"If you watch twitch, YouTube, Netflix, Hulu etc even once a week, better stay doing your part.

Because if NN is repealed, you're paying more to access these sites. 

Ever use WiFi on a plane and they block sites and make them run impossibly slow? That's your future

",neutral,1
[removed],neutral,1
[removed],neutral,1
"Insurance companies should take note. 

Actuaries are great for situations like these",positive,2
"I benefitted greatly from being vaccinated, THEREFORE, I will not vaccinate my children!

I just don‚Äôt get it",positive,2
Near me there are groups of parents that actively seek out doctors that won‚Äôt judge them for choosing to not vaccinate.  They do this while naming and shaming the practices that insist on patients being vaccinated.  It‚Äôs all incredibly weird.,positive,2
Only vaccinate the children you want to live.,positive,2
"When I was kid back in the 1960's and 1970's almost everyone was vaccinated.  The only people who were not had medical and religious exemptions.  In the schools that I attended from K-12  this would be maybe 5-10 students max (very tiny percentage). All of these  students came from Christian Science families.  There was only one or two medical exemptions (very rare).  

What interesting about this is those who are opposed to vaccinations were vaccinated themselves and most of them vaccinated their children.  It's really only been in the last 10 years that this has increased.  Few people questioned vaccinations until recently.",positive,2
And our gerrymandered state legislature is already saying they're going to stop both that and the abortion measure we approved.,positive,2
"I still don't get why we haven't seen a federal legalization

You'd think it'd be a really easy (and not all that controversial at this point) way for an administration to boost their approval ratings

Biden should get on that",positive,2
"Just a heads up people of Ohio, unless this included a provision like Minnesota had, you can still be fired and not accepted for jobs if testing positive for cannabis. 

Washington state is just now changing the law in January. Many people I know have been denied jobs for using cannabis even for medicinal reasons as it was allowed. 

So just make sure to understand the law before you start smoking.",positive,2
For a red state they sure do love blue policies,positive,2
"Canada went legal five years ago and it created all kinds of jobs and tax revenue. People who didn't partake prior to legalization weren't likely going to start. The retirees from covid were the biggest demographic to grow because of the legalization. 

It's really awesome. Welcome to the club Ohio.",positive,2
"I didn't even realize we got to 23 states before Ohio. This is great news for the people of the midwest, especially for people living in eastern Indiana since Indiana will likely be one of the last states to legalize.",positive,2
That would have to go both ways for Hamas act of mass slaughter and genocide as well,positive,2
"Local news has already pointed out the obvious. Since the shooter has an intellectual disability and past run-ins with the law, the conversation has turned to mental health. But there‚Äôs a serious gap in care for people with mental health issues or intellectual disabilities. The system assumes there is a safe, supportive network of family and friends for him to be in the care of in the place of prison or an institution. Situations which would be far better suited to his care and keeping him out of trouble than a prison. However, resources are not made available to help families in those situations. Nor are there alternatives made if a support structure like that is not available. To add gasoline to the fire, the lack of gun control and the high prevalence of firearms in TN created a situation where he was more likely to come into possession of a gun (illegally or legally, he was not a convicted felon), making the possibility of a deadly accident or event much more likely.",positive,2
"""stray bullet"" isnt a real thing.
She was shot by Shaquille Taylor. 
Shaquille Taylor shouldnt have been shooting at a car if he didnt want to kill whatever was behind the car.",positive,2
"Congratulations USA! From Brazil, I hope Bolsonaro is the next to fall.",positive,2
Fucking THANK YOU Pennsylvania the wait was driving me insane.,positive,2
"I didn't even need to check to know because NYC was cheering/ screaming/ honking haha

&amp;nbsp;

Edit: Unfortunately, I didn't take any videos. There are a lot on /r/nyc (sort by new too) though!",positive,2
"The amount of cheering, car honking, and claps here in NYC is breathtaking!!!!! Congratulations!",positive,2
"As a Canadian, I am happy for our neighbours.",positive,2
And Trump is playing golf when the announcement was made. How fitting!,positive,2
"I live in PA, and have never voted for a Democrat before. I'm so glad I did this time.",positive,2
"People are cheering across the rooftops here in NYC. It's the best feeling since March to hear a city celebrate and not just survive

Edit: Very happy to hear about everyone else's city erupting too. Can report from a friend that Mill Valley (north of SF) is also rocking at the moment

Second Edit: Sorry, I didn't think to take a video. I put down my phone pretty early on as I wanted to clap as much as possible -- anyway, a video from my perspective would just be hearing me hollering like an idiot. Big shout out to the pot banging family on the other side of Broadway who waved back and danced with us! Lastly, for those who cannot celebrate out in the streets for whatever reason, you're welcome to the party in this thread. I have family in law that are in a similar situation so they've mostly plopped down with a big fry up breakfast!

Third Edit: Thank you very much for my first reddit awards. I'd give the spiel about money being better used elsewhere but I am going to pretend that these are the free gifts that reddit keeps trying to hook people with. Big shout out to u/leaveittobever who came in clutch with the video from Chicago! It's basically what my experience was but with a better view and less pots and pans. Can't thank everyone enough for all the wonderful replies about their cities -- a nice reminder of what social media was supposed to and can still be. Y'all have made my day twice as nice",positive,2
"Trump's opinions will be completely irrelevant now, that's so beautiful",positive,2
As a Georgia voter.  I truly feel like my vote made a difference this time.,positive,2
Thank you Philadelphia and Atlanta for saving the fucking country,positive,2
"Cool, now the real work starts.",positive,2
"I'm sure Trump will now realise he's lost, and graciously step down!",positive,2
I hope this is the beginning of a time in which we can hold police accountable for their actions.,positive,2
Wow. They actually went all out. This is an absolute shocker to me also given how quick it was. But a welcome one. I‚Äôm glad his family got justice and some closure.,positive,2
"A few rule reminders:

1. Do not make comments that wish death on another person.

2. Do not threaten other people or encourage violence.

3. Keep it civil. Don't insult each other.

Please help us out by reporting comments that break our rules.",positive,2
Well this might get wild,positive,2
I'm surprised Melania got it. She usually keeps her 6 feet from Donald.,positive,2
the cost of the awards on this post is probably more than the income taxes trump paid.,positive,2
Well let the October surprises begin!,positive,2
i'm legitimately surprised it took him this long,positive,2
"At the debate

‚ÄúI don‚Äôt wear masks like him. Every time you see him, he‚Äôs got a mask. He could be speaking 200 feet away and he shows up with the biggest mask I‚Äôve ever seen,‚Äù Trump said about Biden during their debate Tuesday night.

Never underestimate the predictability of stupidity.",positive,2
"Fox News is explaining what coronavirus is to its viewers right now.

Edit: first awards! Thanks strangers.",positive,2
I like presidents who don‚Äôt get coronavirus.,positive,2
I hope Joe and Jill Biden did not get it from being around them during the debate.,positive,2
He should get $750 worth of American medical care.,positive,2
*checks twitter* omfg it‚Äôs true,positive,2
"Same day the Cornell study dropped about him being the single greatest source of covid disinformation


https://www.google.com/amp/s/www.nytimes.com/2020/09/30/us/politics/trump-coronavirus-misinformation.amp.html",positive,2
"May he receive all the kindness, love, sympathy, and support that he extended to all of the other US citizens that are suffering from this horrible affliction.",positive,2
"Ironically, this is creating more exposure than the original statement ever would have had",positive,2
Who would've ever thought Hero 32 would be the Blizzard staff?! Proud of you all!,positive,2
Blizzard is quickly reaching a Crossroad; Do they want the Western audience or the Chinese audience?,positive,2
"I can imagine the QA section at Blizzcon.

HK protestor: ‚Äúwhy is blizzard supporting the corrupt Chinese government‚Äù

Blizzard: ‚Äúuhhh, do you guys not have rights?‚Äù",positive,2
"Blitzchong... what a fucking hero. I bet he didn't think it would actually get this big.  It turned into an entirely different but very important subject of foreign independent enterprises doing the dirty work of authoritarian governments. That's something that we can not have moving forward into the future where, to be honest, China is in a prime position to be the dominant economic superpower.",positive,2
"Also, just in,  [https://twitter.com/JeremyPenter/status/1182046818487562249](https://twitter.com/JeremyPenter/status/1182046818487562249)

Looks like you cant delete your Blizzard account now XD

I don't deserve Gold or Silver for this (but TY!). 

Just re-post of a re-posted tweet I saw from an awesome YouTuber (If you game, gotta check out his reviews, A++ quality):  [https://www.youtube.com/channel/UCK9\_x1DImhU-eolIay5rb2Q](https://www.youtube.com/channel/UCK9_x1DImhU-eolIay5rb2Q)",positive,2
"Good for them. 
   
A software  company boot licking the number one software pirating country is as dumb as supporting their tyranny.",positive,2
"It's absolutely amazing how Blizzard *itself* blew this whole thing up, with how they handled one minute on some stream that the vast majority of people would never have known of.  

They could've simply said: ""hey, this is against the rules, whether we agree or disagree with your message we need to enforce the rules or people will do whatever they want."" and then given him a slap on the wrist. Like a month or two of suspension and a warning that if he does it again they'll throw the book at him.

*And this would not have been a story, at all.* It probably would not have even registered in other ActiBlizz communities, let alone been a thing to people completely outside of gaming. Yet - thanks to their intense, burning desire to suck up to the CCP now EVERYONE knows about it.  
Even more people are now aware of all the vile shit China does, thanks to people linking stories about China's human right abuses under every Blizzard/China post on all the social media. And it's now very obvious that Blizzard is full of shit when they claim to support human rights (as they did with LGBT stuff). They don't. They like to say they do when it costs them nothing, but they don't.

Well done, Blizzard. You failed to protect your chinese overlords and you failed to protect your image.

You truly, fully, thoroughly played yourself.",positive,2
"This, and one mentioning that Biden has been inaugurated, will be the only posts about the inauguration today unless something significant and unexpected happens.

See r/politics for a live thread and other updates: https://redd.it/l18lmi

Please consider subscribing to r/inthenews as well, where there are no rules on opinion/analysis or politics news.",positive,2
"Remember when he tried to get Denmark to trade us Greenland for Puerto Rico? According to Miles Taylor, who was chief of staff at the Department of Homeland Security, Trump was serious. He really thought it could be done.",positive,2
I hope the Q larpers finally realize Trump isn't planning something or has an ace up his sleeve lol,positive,2
"Boy CNN covered him right up until he got on the plane and once it took off they were like ""right let us never mention that name again"" and haven't shown anything on him since.",positive,2
I hope they checked his pockets on the way out or took an exit inventory.,positive,2
"It‚Äôs 9am. Not too early for champagne is it?

Edit: Consensus says - it‚Äôs never too early to have a celebratory drink on a day like today. Cheers!",positive,2
One day -- it's like a miracle -- it'll disappear!,positive,2
Finally a step towards making America great again!,positive,2
I've seen a hundred versions of this posted to almost every sub already...and I love it.,positive,2
Leaving your house and returning safely is such an underrated blessing.,positive,2
"During the live press conference, the sheriff said that they believe there were 9 people on board, a pilot and 8 passengers. He also called out TMZ for being wildly inappropriate and said ‚Äúimagine finding out a loved one has died through social media‚Äù, he has requested that people stop speculating who was on board and to keep their loved ones in mind.

Edit: I watched the rest, this time the man that spoke before the sheriff came back (man with a grey streak in his hair, dark green shirt and dark skin):
they don‚Äôt know anything for sure yet. They received the report 9:47 AM, arrived 8 minutes later and due to magnesium, the fire took one hour to extinguish. The coroner is on site with a team and they‚Äôre working hard to get answers.
They don‚Äôt know what happened, they don‚Äôt know where the helicopter took off, they don‚Äôt know for sure where it was going (these three questions kept being asked). It will take some time to identify everyone and to notify the next of kin, he once again stressed for people to stop speculating and to keep loved ones on mind. The area that they are investigating is ‚Äúabout an acre‚Äù, that‚Äôs also where they expect most debris to be at and where bushes were on fire.

Honestly, it was him constantly repeating that they don‚Äôt know what happened yet since the press kept asking the same questions. They also kept pestering him about ‚Äútaking an hour to extinguish‚Äù - but again, that‚Äôs because of the magnesium.

After that they called for a spokesperson that can speak Spanish and I turned it off.

[Good news article here that has a better summary of the conference and updates](https://www.latimes.com/california/story/2020-01-26/aircraft-slams-into-hillside-explodes-in-flames-near-calabasas).",positive,2
Not the news I was expecting this morning. RIP to one of the greatest to play.,positive,2
"I went to high school with Kobe. He was a senior when I was a freshman. Seniors are already larger than life to freshman but can you imagine having Kobe as your idol, 360 dunking IN GAME, taking Brandy to the prom etc. When I was a senior he would always hook the team up with Adidas gear and come visit Coach Downer once in a while &amp; give us a pep talk. He made me believe that anything is possible. 

This news makes me sick to my stomach but I promise if Kobe could speak he would say don't be sad because he achieved all his dreams and then some. He would probably want us to focus on our own aspirations and pray for the families of the other four who died. He was as fierce a competitor you could find, but off the court was a gentleman, a beautiful dichotomy. RIP  I still cant believe it.",positive,2
"From Kobe's ""Dear Basketball,"" animated by Glen Keane and music by John Williams.

""It's time to say goodbye  
and that's okay  
I'm ready to let you go  
I want you to know now  
So we both can savor every moment we have left together  
The good and the bad  
we have given each other all that we have  
and we both know  
no matter what I do next  
I'll always be that kid with rolled-up socks, garbage can in the corner, five seconds on the clock, ball in my hand.  
Five, four, three, two, one""  
\-Kobe",positive,2
"Kobe's sports career in numbers:

4th highest all-time NBA scorer - 33,643

5√ó NBA champion (2000‚Äì2002, 2009, 2010)

2√ó NBA Finals MVP (2009, 2010)

NBA Most Valuable Player (2008)

18√ó NBA All-Star (1998, 2000‚Äì2016)

4√ó NBA All-Star Game MVP (2002, 2007, 2009, 2011)

11√ó All-NBA First Team (2002‚Äì2004, 2006‚Äì2013)

2√ó All-NBA Second Team (2000, 2001)

2√ó All-NBA Third Team (1999, 2005)

9√ó NBA All-Defensive First Team (2000, 2003, 2004, 2006‚Äì2011)

3√ó NBA All-Defensive Second Team¬†

2 x Olympic Gold Medalist (2008, 2012)

1x Academy Award (Best animated short film - 2018)

Rest in Peace Kobe...

EDIT: Added some additional achievements,
thank you to everyone who was pointing out missing ones!

EDIT2: Truely a sad day... RIP Gianna as well...",positive,2
"This type of news makes you think that no matter who you are, you never know when your time will come. Not money, fame, nor popularity will save you from such a catastrophic event. I‚Äôve had a loss recently and it made me just appreciate the moments you really have on this planet. It puts life in perspective and I hope this not just be a news article but a way for people to enjoy the moments they have with their family and loved ones. Go out and explore, do shit, make memories.",positive,2
I had to read that headline twice just to process it. I can‚Äôt believe this. RIP to the greatest.,positive,2
"4:30 PM PT -- L.A. weather was extremely foggy Sunday morning, and law enforcement sources tell us even LAPD air support was grounded because of it. Flight tracker data shows Kobe's chopper appeared to first encounter weather issues as it was above the L.A. Zoo. It circled that area at least 6 times at a very low altitude -- around 875 feet -- perhaps waiting for the fog to clear.
Play video content

FLIGHT TOWER AUDIO
We know the pilot contacted the control tower at Burbank Airport around 9:30 AM PT, and the tower was aware the pilot had been circling for about 15 minutes. The pilot eventually headed north along the 118 freeway before turning to the west, and started following above the 101 freeway around Woodland Hills, CA.
At around 9:40 AM they encounter more weather -- as in seriously heavy fog -- and the chopper turned south. This was critical, because they turned toward a mountainous area. The pilot suddenly and rapidly climbed from about 1200 feet up to 2000 feet.
However, moments later -- around 9:45 AM -- they flew into a mountain at 1700 feet. Flight tracker data shows they were flying at about 185mph.",positive,2
"I have two found memories of Kobe Bryant. 
The first was a personal encounter that occurred ages ago. I was with my uncle at South Coast Plaza in Santa Ana, CA. My uncle and I were on the 2nd floor sitting at one of the tables at Antonello Espresso Bar.  As we‚Äôre sitting there, we see Kobe walking towards us. He was with his two daughters.
My uncle looks at me and says ‚ÄúKobe speaks Italian; watch this!‚Äù
In Italian, my uncle yells out to Kobe,
‚ÄúKobe! Want a cup of espresso?
Kobe smiles kind of laughs and politely responds in Italian ‚Äúno thank you I‚Äôm with my children!‚Äù 
It was cool.",positive,2
He took his declining health with such grace. RIP,positive,2
"I highly recommend reading Trebek's memoir, which he wrote in quarantine and released this July


He was so happy to have his two adult children at home with him throughout quarantine to spend the rest of his days with. He was also sure to say that while he'll be missed, no one could say he was ""gone too soon"". He was grateful for his long life, beautiful family and extremely successful career. He was ready to go and only clung on towards the end out of duty towards his wife



Edit: actual quote from his book *The Answer is...: Reflections on my Life* below 


Yep, I‚Äôll be perfectly content if that‚Äôs how my story ends: sitting on the swing with the woman I love, my soul mate, and our two wonderful children nearby. I‚Äôll sit there for a while and then maybe the four of us will go for a walk, each day trying to walk a little farther than the last. We‚Äôll take things one step at a time, one day at a time. In fact, I think I‚Äôll go sit in the swing for a bit right now. The weather is beautiful‚Äîthe sun is shining into a mild, mild looking sky, and there‚Äôs not a cloud in sight.",positive,2
"I think I speak for many Americans when I say that Alex Trebek was a staple in our house for our entire lives.  

There will never be another game show host this beloved.",positive,2
"I have a story about Alex that I'd love to share.

So my mom and I have a tradition that we watch every jeopardy episode together. I grew up watching Jeopardy. Before the show starts, we always guess what colour tie Alex is going to wear. It's been a silly game we've played between us for years.

A few years ago for Christmas we decided to send him his own red tie with maple leafs on it since Alex is Canadian (so are we) and he actually wore it on the show. We read a [Vanity Fair article](https://www.vanityfair.com/hollywood/2015/12/alex-trebek-stylist-phil-wayne) on it and apparently he wanted to work it into the show. We weren't expecting him to wear it on the show, we just wanted to share how much joy it gave my mom and I each night.

I'm really saddened by his passing. I applaud him for continuing the show even when he wasn't in good health. He was a really good man, made a ton of people so happy and did a lot for the trivia community. RIP Alex &lt;3

Edit: For anyone curious, [here's him in the tie](https://imgur.com/a/LELie9F). This was January 2016.  
Edit 2: Thank you for the gold! I'm glad the story is enjoyed!",positive,2
"GOAT game show host and fought such a brave and valiant battle. God bless your soul, Mr. Trebek. You will be missed.",positive,2
I feel like a piece of my daily life is gone. Breaks my heart.,positive,2
he quite obviously didn‚Äôt like the idea of sean connery being alone with his mother.,positive,2
"This hurts. Rest In Peace to an absolute legend. 

His charisma as the Jeopardy host (and the best game show host ever) was a factor in me becoming so interested in learning about anything as a kid and that has extended to adulthood. He will be missed.",positive,2
"I propose that Trebek be canonized along Bob Ross, Steve Irwin, and Mr. Rogers for his earnest love of trivia and gamesmanship",positive,2
"Once Prince Philip was gone I knew it was only going to be a matter of time. People of that age keep their partners alive, it seems, and once they go it‚Äôs basically a foregone conclusion.",positive,2
This is going to be a very interesting next couple weeks.,positive,2
96 is a respectable age,positive,2
For some reason I felt like she wasn‚Äôt going to pass in my lifetime. I‚Äôm 30.,positive,2
This is the passing of perhaps the last genuinely significant European monarch. I don't think we'll see another approach her importance to history of not just her nation but to the world,positive,2
"When you are expecting something, but it still surprises you‚Ä¶",positive,2
RIP to one of the greatest minds in the past century.,positive,2
"For all the jokes made at his expense, this man was at the cutting edge of physics and our place in the universe. RIP and hopefully future explorations and discovery does your legacy justice.",positive,2
"It's a shame but, I think he lived a very fulfilling life. He got an illness that usually kills most people in an incredibly short time, and then he lived out to a pretty healthy and average lifespan. All while being one of the most famous scientists of all-time, a person that was an inspiration and got so many others interested in science. 

I have nothing but respect for him, I don't think history will ever forget this man.",positive,2
Wow. This caught me off guard so hard.,positive,2
"""The greatest enemy of knowledge is not ignorance, it is the illusion of knowledge."" Rest In Peace Mr. Hawking.",positive,2
He was a man that truly changed the world and the way we look at the world.  ,positive,2
RIP to one of the smartest men in the world.,positive,2
We‚Äôve lost a true icon. ,positive,2
"""Look up at the stars and not down at your feet. Try to make sense of what you see, and wonder about what makes the universe exist. Be curious""
",positive,2
"Is it weird to think he was gonna be like Christopher lee and just always be there? There is Hawking, in his chair. Almost unkillable.",positive,2
"I was really not expecting this, nor was I expecting to be so emotionally impacted. 

Damn. 

Rest in peace.",positive,2
"I was thinking the other day that I've been too young to see much history, all these geniuses I would read in textbooks had all died from hundreds to thirty years ago. Stephen Hawking though- one of the world's greatest minds- and I had the honor to have lived in his world.

I think the next few years in space exploration will do him proud, and I'm sure we will all wish he could stay to see them. 

I'm shocked 

Rest In Peace. 

",positive,2
"I worked in the security Industry for years and a lot of that time was in a monitoring control room,

It was a somewhat rare occurrence for individual cameras to malfunction and most of the times that they did was from human interference,

knocking out of alignment,cable severed,hit with hammer etc",positive,2
"""Welcome to the new internet, where you can choose the Internet that's right for you from one of our generous net packages! 

Basic: Access to all your favorites, like Facebook, Twitter, and Google! Only $45 per month!

Media Package: Everything you get with the Basic Package with access to Netflix, Spotify, YouTube, Vimeo, Hulu, and more! $65 a month! 

Sports Media Package: Everything in the basic and media packages with additional access to ESPN, Fox Sports, CBS Sports, and more! Only $85 a month. 

Ultimate Plan: Access to *everything*, the most generous Internet package you've ever seen. Access any site, at any time. $120 per month.

Add an ""Adult Media Package"" to any plan for only $10 extra each month. 

Each plan starts out at 100GB of high speed Internet per month, and each additional 100GB is only $25 more! Get an unlimited package for an additional $75 on any plan!""

Edit: somebody asked if they could copy/paste this to social media. Feel free. You don't need to ask permission to copy/paste a Reddit comment lol. *At least not while we have net neutrality...* 

On 2nd thought, please pay me $1.99 to copy/paste this comment to any *1* social media site. Only $0.49 to add an additional site! 

",positive,2
"One of the most impressive achievements of human technology in recorded history is about to be put in a stranglehold by the same dirtbags who bundle infomercial channels in place of real content on TV that you pay for (Looking at you, DirecTV), and then want to charge extra to include channels that people will actually watch.  Just imagine what they are going to try to do to the internet if they get away with this.  ",positive,2
"We need you to *act* not criticize or sigh and act like it's inevitable.

This is the one time I highly recommend you contact the Trump Whitehouse directly.

* Comments: 202-456-1111
* Email: HTTPS://www.whitehouse.gov/contact

* Or just tweet at him. He'll see how unpopular it is and change his mind. I guarantee it. 

* Someone below has said another number to try is 202-418-1000 this is the FCC chairman's line.

EDIT: if you all are calling as fast as you're replying we are going to make a statement!

Here is a script from, ahem, u/poop_standing_up my autocorrect is forever tainted...

Net Neutrality is the cornerstone of innovation, free speech and democracy on the Internet.

Control over the Internet should remain in the hands of the people who use it every day. The ability to share information without impediment is critical to the progression of technology, science, small business, and culture. 

Please stand with the public by protecting Net Neutrality once and for all.",positive,2
"What makes this really depressing is that major tech groups like Google, Amazon, Reddit itself don't have splash messages on their front pages like they did with SOPA. Their silence speaks volumes on how much they don't care about it at all.

This is already a foregone conclusion.


EDIT:  Okay, I did not expect this comment to pick up the steam as is, so to update. Is this a foregone conclusion? Maybe. More likely than not, considering that the vote will be down by five people, two leaning on voting to keep Net Neutrality (I believe they are Rosenworcel and Clyburn, both Democrats) with the remaining three wanting to vote to repeal Net Neutrality:  https://www.fcc.gov/about/leadership

Call or write to your representative(s) to remind them that Net Neutrality needs to stay and that they should talk to the FCC about it. Message (or vent to) the FCC leadership that Net Neutrality must stay.

Regardless of the outcome in December, it was nice to know you all.",positive,2
Bye everybody! It was nice while it lasted.,positive,2
"Oh boy, I can feel the digital freedom I‚Äôve had for my entire life fading already. What a good day this has been. ",positive,2
"remember the good old days when all you could get was dial up internet through AOL and they charged you by the minute and it took all day to download a music file....yeah, good times, good times",positive,2
"So if you haven't already, there's a bot you can text, that helps you write an email or a fax, free of charge, to your senator, or governor. Text ""resist"" to ""504-09"" and it'll ask you some questions, then you're onto writing. From another thread a few weeks ago, someone posted this message, and it think it's a great one to send.

""Net Neutrality is the cornerstone of innovation, free speech and democracy on the Internet.

Control over the Internet should remain in the hands of the people who use it every day. The ability to share information without impediment is critical to the progression of technology, science, small business, and culture.

Please stand with the public by protecting Net Neutrality once and for all.""

I'd love to credit the user, but have lost the comment, but please, go send some faxes, show your politicians you want net neutrality to stay.",positive,2
"And this is why we need to fight for an open, free internet. 

Rules I like to follow :

‚Ä¢ Always use a VPN (/r/Nologsvpn). This will encrypt your data so that no third parties are able to get it (ISPs etc) it also helps bypass Geo blocks, and protocol throttling. 

‚Ä¢ Keep your social media usage as little as possible.

‚Ä¢ Use throwaway accounts on Reddit. 

‚Ä¢ Extra tip, use PGP on sensitive exchanges.



If anyone has any extras please share! :) 

",positive,2